{
  "metadata": {
    "name": "Overcast",
    "author": "bakkesmod.com",
    "description": "Part of the default bakkesmod theme collection, very minimal."
  },
  "imgui": {
    "ImGuiCol_Border": {
      "a": 1,
      "b": 0.05882352963089943,
      "g": 0.05882352963089943,
      "r": 0.05882352963089943
    },
    "ImGuiCol_BorderShadow": {
      "a": 1,
      "b": 0,
      "g": 0.9215685725212097,
      "r": 0.0784313827753067
    },
    "ImGuiCol_Button": {
      "a": 1,
      "b": 0.19607843458652496,
      "g": 0.19607843458652496,
      "r": 0.19607843458652496
    },
    "ImGuiCol_ButtonActive": {
      "a": 1,
      "b": 0.05882352963089943,
      "g": 0.05882352963089943,
      "r": 0.05882352963089943
    },
    "ImGuiCol_ButtonHovered": {
      "a": 1,
      "b": 0.4117647111415863,
      "g": 0.4117647111415863,
      "r": 0.4117647111415863
    },
    "ImGuiCol_CheckMark": {
      "a": 1,
      "b": 1,
      "g": 1,
      "r": 1
    },
    "ImGuiCol_ChildBg": {
      "a": 1,
      "b": 0.09803921729326248,
      "g": 0.09803921729326248,
      "r": 0.09803921729326248
    },
    "ImGuiCol_DragDropTarget": {
      "a": 0.8899999856948853,
      "b": 0,
      "g": 1,
      "r": 1
    },
    "ImGuiCol_FrameBg": {
      "a": 1,
      "b": 0.05882352963089943,
      "g": 0.05882352963089943,
      "r": 0.05882352963089943
    },
    "ImGuiCol_FrameBgActive": {
      "a": 1,
      "b": 0.19607840478420258,
      "g": 0.19607840478420258,
      "r": 0.19607840478420258
    },
    "ImGuiCol_FrameBgHovered": {
      "a": 1,
      "b": 0.09803921729326248,
      "g": 0.09803921729326248,
      "r": 0.09803921729326248
    },
    "ImGuiCol_Header": {
      "a": 0.30000001192092896,
      "b": 1,
      "g": 1,
      "r": 1
    },
    "ImGuiCol_HeaderActive": {
      "a": 0.30000001192092896,
      "b": 1,
      "g": 1,
      "r": 1
    },
    "ImGuiCol_HeaderHovered": {
      "a": 0.30000001192092896,
      "b": 1,
      "g": 1,
      "r": 1
    },
    "ImGuiCol_MenuBarBg": {
      "a": 1,
      "b": 0.19607840478420258,
      "g": 0.19607840478420258,
      "r": 0.19607840478420258
    },
    "ImGuiCol_ModalWindowDimBg": {
      "a": 0.5,
      "b": 0.20000000298023224,
      "g": 0.20000000298023224,
      "r": 0.20000000298023224
    },
    "ImGuiCol_NavHighlight": {
      "a": 1,
      "b": 0.9800000190734863,
      "g": 0.5899999737739563,
      "r": 0.25999999046325684
    },
    "ImGuiCol_NavWindowingDimBg": {
      "a": 0.20000000298023224,
      "b": 0.800000011920929,
      "g": 0.800000011920929,
      "r": 0.800000011920929
    },
    "ImGuiCol_NavWindowingHighlight": {
      "a": 0.699999988079071,
      "b": 1,
      "g": 1,
      "r": 1
    },
    "ImGuiCol_PlotHistogram": {
      "a": 1,
      "b": 0.05882352963089943,
      "g": 0.05882352963089943,
      "r": 0.05882352963089943
    },
    "ImGuiCol_PlotHistogramHovered": {
      "a": 1,
      "b": 0.19607840478420258,
      "g": 0.19607840478420258,
      "r": 0.19607840478420258
    },
    "ImGuiCol_PlotLines": {
      "a": 1,
      "b": 0.09803921729326248,
      "g": 0.09803921729326248,
      "r": 0.09803921729326248
    },
    "ImGuiCol_PlotLinesHovered": {
      "a": 1,
      "b": 0.19607840478420258,
      "g": 0.19607840478420258,
      "r": 0.19607840478420258
    },
    "ImGuiCol_PopupBg": {
      "a": 1,
      "b": 0.09803921729326248,
      "g": 0.09803921729326248,
      "r": 0.09803921729326248
    },
    "ImGuiCol_RangeSliderBar": {
      "a": 1,
      "b": 0.09803921729326248,
      "g": 0.09803921729326248,
      "r": 0.09803921729326248
    },
    "ImGuiCol_ResizeGrip": {
      "a": 1,
      "b": 0.19607840478420258,
      "g": 0.19607840478420258,
      "r": 0.19607840478420258
    },
    "ImGuiCol_ResizeGripActive": {
      "a": 1,
      "b": 0.09803921729326248,
      "g": 0.09803921729326248,
      "r": 0.09803921729326248
    },
    "ImGuiCol_ResizeGripHovered": {
      "a": 1,
      "b": 0.19607840478420258,
      "g": 0.19607840478420258,
      "r": 0.19607840478420258
    },
    "ImGuiCol_ScrollbarBg": {
      "a": 1,
      "b": 0.05882352963089943,
      "g": 0.05882352963089943,
      "r": 0.05882352963089943
    },
    "ImGuiCol_ScrollbarGrab": {
      "a": 1,
      "b": 0.09803921729326248,
      "g": 0.09803921729326248,
      "r": 0.09803921729326248
    },
    "ImGuiCol_ScrollbarGrabActive": {
      "a": 1,
      "b": 0.19607840478420258,
      "g": 0.19607840478420258,
      "r": 0.19607840478420258
    },
    "ImGuiCol_ScrollbarGrabHovered": {
      "a": 1,
      "b": 0.09803921729326248,
      "g": 0.09803921729326248,
      "r": 0.09803921729326248
    },
    "ImGuiCol_Separator": {
      "a": 1,
      "b": 0.19607840478420258,
      "g": 0.19607840478420258,
      "r": 0.19607840478420258
    },
    "ImGuiCol_SeparatorActive": {
      "a": 1,
      "b": 0.19607840478420258,
      "g": 0.19607840478420258,
      "r": 0.19607840478420258
    },
    "ImGuiCol_SeparatorHovered": {
      "a": 1,
      "b": 0.19607840478420258,
      "g": 0.19607840478420258,
      "r": 0.19607840478420258
    },
    "ImGuiCol_SliderGrab": {
      "a": 1,
      "b": 0.19607840478420258,
      "g": 0.19607840478420258,
      "r": 0.19607840478420258
    },
    "ImGuiCol_SliderGrabActive": {
      "a": 1,
      "b": 0.19607840478420258,
      "g": 0.19607840478420258,
      "r": 0.19607840478420258
    },
    "ImGuiCol_Tab": {
      "a": 0.8627451062202454,
      "b": 0.19607843458652496,
      "g": 0.19607843458652496,
      "r": 0.19607843458652496
    },
    "ImGuiCol_TabActive": {
      "a": 1,
      "b": 0.2666666805744171,
      "g": 0.2666666805744171,
      "r": 0.2666666805744171
    },
    "ImGuiCol_TabHovered": {
      "a": 0.800000011920929,
      "b": 0.4117647111415863,
      "g": 0.4117647111415863,
      "r": 0.4117647111415863
    },
    "ImGuiCol_TabUnfocused": {
      "a": 0.9725490212440491,
      "b": 0.125490203499794,
      "g": 0.125490203499794,
      "r": 0.125490203499794
    },
    "ImGuiCol_TabUnfocusedActive": {
      "a": 1,
      "b": 0.16078431904315948,
      "g": 0.16078431904315948,
      "r": 0.16078431904315948
    },
    "ImGuiCol_Text": {
      "a": 1,
      "b": 1,
      "g": 1,
      "r": 1
    },
    "ImGuiCol_TextDisabled": {
      "a": 1,
      "b": 1,
      "g": 1,
      "r": 1
    },
    "ImGuiCol_TextSelectedBg": {
      "a": 0.3499999940395355,
      "b": 1,
      "g": 1,
      "r": 1
    },
    "ImGuiCol_TitleBg": {
      "a": 1,
      "b": 0.05882352963089943,
      "g": 0.05882352963089943,
      "r": 0.05882352963089943
    },
    "ImGuiCol_TitleBgActive": {
      "a": 1,
      "b": 0.05882352963089943,
      "g": 0.05882352963089943,
      "r": 0.05882352963089943
    },
    "ImGuiCol_TitleBgCollapsed": {
      "a": 1,
      "b": 0.05882352963089943,
      "g": 0.05882352963089943,
      "r": 0.05882352963089943
    },
    "ImGuiCol_WindowBg": {
      "a": 1,
      "b": 0.09803921729326248,
      "g": 0.09803921729326248,
      "r": 0.09803921729326248
    }
  }
}